Id,District
57994484757317952251,2k
16957889975119375169,tr7CDX1l
85141546218522757250,4y
61301970669904599593,1SSX7tTO5L
28841605830273983399,5zQWr5w0
40007079448224958793,iu9BM5QQn
36409181498937976261,BgSM
58890864770810482995,cU6LuBu0m
64520620028896700512,vtNQ2WpN4
81520391233881348717,sRLdqart
13550892948732446425,67
99465072151221112373,R8O8
82581925097869213456,fW
85837239240237436247,eK4h2wuRPR
76496527742755446239,wkSq7qI5
41695057398628174545,kb
42781039532414503331,JXkEC
51215228006030299374,yC6YvOCvA
34580055961105702852,GPsEaQbW
54926900621906817280,v9LDtGa1
39755797711227850310,NM7peMm6
81143018738820644694,wIwBr9G
87532830297564516268,TRU2Pw
12682251312512599921,n
95496799905210332147,6dvDmhq0M
96362353791656110419,M3N1
79459477960783345432,A
70286605055198584606,uLSXbk
89774953472220159178,r
61819312751053147661,KStIQS2
12640245111180646248,Ya3fROCN
33300489645405870451,SDNFN1LKT
84274370170668910598,0IhcoBo
63941391711019216252,2KuNYyK
82137002954670490464,qi
95993350289709699151,QcHgB
28195364728251980720,9rWA8nk4
28726672101764729811,N
31253242188295530650,BwBTW8XGla
43268440842872786758,T
59322551066247909427,pvPr
77695272169111122195,1GeIUgb
54297956627315745545,FkZ
31779477265239324526,XI6h
38437452778252208038,Z8fE7VjJ
87106999793058666283,mApKOw
790524189211177097,OKjBdk8
3760518353963442882,c5kUbtVl0V
76112445965376339505,BnIz
73056534866128043696,HPdz6kYk
91630703156269552037,bfb
41572199321705222599,HoKi99yO
23463256476821071857,f8xNbgi1
49033353391375451519,2C
44686438416486936289,6MUQNgQ1
93415001739537751376,yDp7lJ5
20133934251967613545,lnYq7
56492164024133050287,3nMmubpKJ
87540051727799420538,qI7BWbNo9
10378553333445974742,2iiO49rHjf
14308615850620749283,WMvD
10043377219196137323,MD0
55189866642767993567,WMq0CG5i
12863239330843514989,y4TL8SoVz
51970361415535202843,5A
54112352041140716344,YcGSDrJQ0k
29254123317929764925,jA2J
49787691476006248456,12R8m
55358672715618815726,wG
92627832355260904621,tukDb7kZ6f
87252468216210809093,C
68977268924407039866,SUXN
42905093368093533215,gId0f
5518513547127075482,8k8
47447611589700192021,AAsI1Q
50439995892499822161,KDFv
19762346872116363468,5yA3f
69146600360125753129,kwFKFE1Ysj
96381986794921894545,mBNz6Q
38902277324222872280,tPYJs
43711776950703839542,hw8p7Xne
4381680581688490740,AdIIV7Qv
77272464053573082730,Y
53278937697357384134,i5nRd
29395328030448378986,iZe7kpc
78553116846225957631,OgB4zVbkz1
80696862611004593172,OMVWEk1O
58397033142419337016,s8H6R
39972661533747801294,281vD7
21462476323979745245,WJ9d
17099532488123196003,L
10064162194758031765,Gc8cu4
44392013282579378320,jmDk
10612761537777927801,amQvOu
60269600904080851217,rP1qh
50764380513034395897,1rL6qZ
1931958497874425802,DDxmk7tIUr
94272830617585739951,ZbLR
52458389268814368817,GXPjEe1scA
73959688980453850728,xoaqosANta
28538984240680371352,U75xehMZy3
54247963787012114517,Pl9S4KU
85061344765204482130,Pnbi
10423798496304605133,qDhji5sXvk
34068021007706939816,ix4z4dWN
66376513480089770849,U3MwBzZz
60076919769682518987,HyIFKO
25710604277393317436,eeaOn7
1820734157769310212,LQZSWYB
78063094253055194351,C3T
47369284669466425660,g41
81333066552654944289,0qqPguM
5852257666815183741,0JrB6ztuN
2298924942604572220,lA5PG8q
84016577833936257052,bEBDk4mW
67303849344889379252,yRNw
46416707758711465869,dHK
17159209211832960865,UD8DGQOZs
93472028602495526730,8rBBo5durZ
47686459195073895496,aEXTQnrLFS
92036145283986647584,5
42208158695110176430,aHb6YiG
52576405631771938982,7
19230637773806759293,H33S
15513087424564734441,HW5vgEh4
98611030386776306631,r0vg21lZzj
6404080834978812424,ht0wEqr59e
80195445662545466132,Ee
42237147823804735587,4I
46160711918631479786,jZj5CsSnmG
8495185685459607650,IYOtBJ
18830396227640955310,96JBSz9cX
37558912207398422745,3
90249118963301549817,1X3AJCFPt
8348459638028382638,dNDiY
32729254042711157168,apuRdsMZw
59959780530220452942,iFe7
32392707309213387623,tivcNIV1zR
89295325363312300609,cz
52324546310710988486,y2Ew8oUetZ
55776253525124758782,AzaOTD
27150164126545358385,zGwVM8
72007183558700990776,baVx
63800834866679753071,0aZp
20962132761326579061,XAmcRXg
81925709650659118071,Z3tK4wBDZ0
30158438980990275460,dk
86151470353937731041,Ww4Z6
13763120450842730059,6Uub1
24656796165519899643,5NvV7Dj
96288828130478936036,k6qt5s1B
48935196675128530909,ie9UNlOf
75176009234808765251,j72CqVulgq
38798328808549038747,IfwRuhrrr
56804790909516943980,es
76612528764327116492,nckEVu
7733565758549108946,dZU6b3nlCg
98223856798536792954,F1TWAYsTH
48385019500575199125,60Cv
57564380684618035430,Yol
33736596657090187163,3PqNnnKI
23494540886699296805,fIFmVcF9Sx
84913310265162403907,VCdhxqaxU
52344436498211870570,WRAQ7
28847654384629814746,U08wMsc
11142332305872765771,YY
80591663972717302674,NZW3n
78610555885029688902,FCZWzGF
46130416770136597514,PWP8
28194934447410811338,AKYsMT
13700120885542117551,p
42291605602736684835,Bty5
57396042775860025608,fvFw
46905427364817154978,hV0eP
8724555491486964414,z
99912118882492874370,0zUkSG
7403253259774058547,2
15641024421204138499,ZW
2721430911072111104,BUZ7WiKpA
30686267151312321112,KHiFb
66865187601352510791,kWSEPv89
21854884756520312848,hGFWtZuutA
81292257441925720396,G3U5V8
9810392453749297573,Jt2
58621788592640370852,XNfgu
19254740108274243800,RWCBu71y7
31617468051972078063,FRLXcfNjJ
61017861285271800084,O6pNj
30248417781354261311,lsKtPp7N
39560332882640476543,crXxgb
24397777237516864797,e
57498048657893035373,5ZwsI
22957139439110264386,z9S
98186239752040884669,BQsJ1zVk3
23106660207145417609,spI
49580078859638866226,b
84941168911599627740,a8kPkdo
11489718573495491446,ruZ8Qk
76473788272201641277,ABS
35061231398750801701,Z
